-- phpMyAdmin SQL Dump
-- version 4.6.6deb5
-- https://www.phpmyadmin.net/
--
-- Host: localhost:3306
-- Generation Time: Apr 23, 2019 at 09:11 PM
-- Server version: 5.7.25-0ubuntu0.18.04.2
-- PHP Version: 7.2.15-0ubuntu0.18.04.2

SET SQL_MODE = "NO_AUTO_VALUE_ON_ZERO";
SET time_zone = "+00:00";


/*!40101 SET @OLD_CHARACTER_SET_CLIENT=@@CHARACTER_SET_CLIENT */;
/*!40101 SET @OLD_CHARACTER_SET_RESULTS=@@CHARACTER_SET_RESULTS */;
/*!40101 SET @OLD_COLLATION_CONNECTION=@@COLLATION_CONNECTION */;
/*!40101 SET NAMES utf8mb4 */;

--
-- Database: `symfony`
--

-- --------------------------------------------------------

--
-- Table structure for table `event`
--

CREATE TABLE `event` (
  `id` int(11) NOT NULL,
  `organisation_id` int(11) DEFAULT NULL,
  `title` varchar(255) COLLATE utf8mb4_unicode_ci NOT NULL,
  `start_date` datetime NOT NULL,
  `end_date` datetime NOT NULL,
  `description` longtext COLLATE utf8mb4_unicode_ci NOT NULL
) ENGINE=InnoDB DEFAULT CHARSET=utf8mb4 COLLATE=utf8mb4_unicode_ci;

--
-- Dumping data for table `event`
--

INSERT INTO `event` (`id`, `organisation_id`, `title`, `start_date`, `end_date`, `description`) VALUES
(1, 1, 'Aut nulla autem eveniet placeat fugit.', '2019-04-16 23:52:39', '2019-04-11 02:16:49', 'Atque aliquam tempora aut est et explicabo et. Consequatur ut eius in temporibus laborum fuga. Ut rerum commodi occaecati esse minus doloremque provident. Aut natus laborum et ut inventore.'),
(2, 2, 'Et minus unde blanditiis nisi.', '2019-04-10 14:49:14', '2019-03-31 12:13:43', 'Sit ipsam possimus ab nobis dolorum ut. Laborum necessitatibus quisquam molestiae est reiciendis eos illo. Animi sed autem recusandae.'),
(3, 3, 'Minus quasi qui delectus ex expedita.', '2019-04-15 01:04:31', '2019-04-18 13:36:22', 'Quod et sunt vero dolores non ut. Voluptatibus voluptatibus animi consequatur aut animi qui sunt et. Sit aliquam fugit ut sed iusto illum consequuntur in.'),
(4, 4, 'Tenetur illum et qui aut sed.', '2019-04-02 09:35:37', '2019-03-29 09:14:48', 'Est enim numquam sunt. Tenetur dicta nihil neque atque et.'),
(5, 5, 'Aut mollitia similique natus eligendi est.', '2019-04-15 23:58:35', '2019-04-22 16:37:39', 'Deserunt impedit velit expedita a consequatur in repellendus et. Aut tempore corporis saepe et mollitia. Accusantium aut aliquam non voluptate. Aut eaque ducimus consequuntur non distinctio.'),
(6, 6, 'Molestiae earum vel maxime quis vitae.', '2019-03-27 23:23:19', '2019-04-10 12:47:28', 'Cupiditate laborum minima voluptatem sed at voluptates doloribus. Quas hic at quis pariatur nisi et quis. Architecto libero optio quibusdam nobis placeat. Voluptatem id ut aut recusandae voluptatem eaque natus.'),
(7, 7, 'Voluptates quis sed excepturi pariatur iusto.', '2019-04-18 19:07:31', '2019-04-07 09:40:24', 'Quia dolorum minima eum sint occaecati neque. Ut odit aliquid explicabo dolore consequatur eum. Ut atque nesciunt eos aspernatur quis. Sed maxime deserunt iusto ratione. Excepturi magnam sed incidunt placeat.'),
(8, 8, 'Ut iure quia modi ipsa doloremque.', '2019-04-03 12:21:18', '2019-04-10 06:59:57', 'Laudantium nemo facilis fugit aspernatur. Minima voluptas sit id ipsam est nulla nemo. Dicta nisi architecto error aperiam nesciunt. Incidunt possimus nisi voluptates quis pariatur architecto commodi excepturi.'),
(9, 9, 'Rem reprehenderit doloremque dolorem quisquam voluptate.', '2019-04-08 22:57:11', '2019-04-13 18:55:09', 'Fuga assumenda quidem nostrum voluptatem adipisci. Minima non eligendi aut. Sit laboriosam totam voluptatibus eaque quis earum illo nobis.'),
(10, 10, 'Dolor vitae expedita voluptate et dolorem maxime.', '2019-03-31 11:08:26', '2019-03-26 08:57:13', 'Incidunt ratione unde sapiente quam. Ea facere cupiditate aut a. Odio iste sit quia est deleniti.'),
(11, 11, 'Veniam labore et esse qui.', '2019-04-01 07:47:26', '2019-03-25 23:07:23', 'Ut magnam quia exercitationem veritatis voluptatem sapiente quidem. Fugit necessitatibus vel maxime in asperiores optio rem vel. Nisi iusto sequi suscipit aut.'),
(12, 12, 'Autem impedit voluptatum consequatur.', '2019-04-19 09:25:35', '2019-04-03 01:48:22', 'Aut blanditiis culpa sit tenetur aut porro. In et enim ut adipisci molestiae voluptate veritatis ut. Nisi quia distinctio fugiat aut quas. Excepturi mollitia minima est enim doloribus voluptas.'),
(13, 13, 'Possimus dignissimos tempora dolorem.', '2019-04-13 01:47:00', '2019-04-10 19:31:56', 'Autem voluptatum quia qui rerum voluptates. Ex eveniet eum sapiente voluptatem provident qui et ea. Officiis molestiae sit odio qui.'),
(14, 14, 'Eaque in incidunt et a quibusdam rerum.', '2019-04-11 20:36:19', '2019-04-12 16:01:32', 'Sunt ullam ut quibusdam amet quo hic rerum voluptatibus. Voluptates non in quia autem tenetur laboriosam temporibus. A eos sit ipsum voluptatem consequatur. Aliquam eum beatae nisi enim beatae.'),
(15, 15, 'Et repellat expedita distinctio.', '2019-03-24 17:21:57', '2019-03-30 19:15:09', 'At iste et voluptatibus repellendus doloremque et. Dolorem cumque corrupti a non. Voluptas a temporibus odio ab.'),
(16, 16, 'Sed itaque voluptate et officiis.', '2019-03-30 12:04:51', '2019-04-11 13:05:17', 'Qui ut voluptas ullam consequatur. Beatae dolores eum occaecati deserunt voluptatem nihil. Temporibus consequatur nostrum voluptas beatae maxime et ducimus.'),
(17, 17, 'Amet cupiditate deserunt earum occaecati cumque officia.', '2019-04-10 18:21:48', '2019-03-26 07:17:28', 'Cumque dolorem aut inventore in. Quasi nobis eveniet nostrum et molestiae. Dolor alias et qui occaecati est enim. Provident voluptas corporis nulla laboriosam sit distinctio. Sint sed omnis consequatur odit quos ut.'),
(18, 18, 'Omnis doloribus qui eveniet rem quis.', '2019-04-18 21:05:44', '2019-04-04 11:40:45', 'Doloribus ducimus dolores vitae earum. Natus qui autem qui error et quo. Est qui illo est soluta adipisci adipisci. Ipsam dolorem id eos perspiciatis adipisci accusantium.'),
(19, 19, 'Dolor a ipsam sapiente ex excepturi neque officiis.', '2019-03-29 08:07:18', '2019-04-16 16:34:27', 'Dolores quas quia velit fuga quasi neque rerum. Est expedita animi odio vero officia. Similique voluptate eum quia aliquid dolores. Est ex repudiandae voluptates.'),
(20, 20, 'Eaque corporis neque unde fugiat provident.', '2019-04-10 18:54:24', '2019-04-03 07:47:06', 'Veritatis quo aut commodi quis vel. Et et tenetur reprehenderit cupiditate quaerat. Et ducimus nesciunt error non eaque commodi. Voluptas dolor similique vel.'),
(21, 21, 'Dicta doloribus dolores excepturi omnis sint et temporibus.', '2019-04-15 07:24:08', '2019-04-01 10:39:18', 'Eveniet reiciendis aliquam voluptatibus provident non non. Error eos provident non similique hic asperiores. Quae omnis omnis explicabo quia porro ad.'),
(22, 22, 'Debitis aperiam provident corporis ea voluptas.', '2019-03-24 05:30:52', '2019-04-15 14:56:40', 'Ad ad et sunt atque sunt commodi minima. Odit error vel ullam ipsum totam repellendus. Nihil non natus enim velit.'),
(23, 23, 'Quis quia magni officiis nihil aut iure.', '2019-04-05 11:33:55', '2019-03-28 01:22:30', 'Inventore error doloribus reiciendis voluptatem. Inventore et ut deserunt. Illum assumenda quia corrupti sed.'),
(24, 24, 'Adipisci voluptas aliquam et quas est quia.', '2019-04-17 21:00:27', '2019-04-03 22:58:30', 'Et sunt rerum fuga eos distinctio. Expedita odio voluptatem architecto cum. Qui velit non doloremque voluptatum quia blanditiis.'),
(25, 25, 'Incidunt quidem aspernatur vitae et totam.', '2019-04-11 14:21:17', '2019-04-15 23:41:09', 'Non vel unde et et aut. Magni et placeat quae quasi nemo rem.'),
(26, 26, 'Voluptatem quia excepturi in doloribus quia.', '2019-04-03 12:55:37', '2019-04-13 02:58:42', 'Dolorem animi perferendis corporis velit minima. Quae sed neque tempora occaecati enim iste. Dolorem non quae sit. Sit qui vel nobis voluptatem at nam architecto. Aut ducimus asperiores quia tempora a.'),
(27, 27, 'Modi voluptatem nisi modi mollitia error.', '2019-04-09 22:33:02', '2019-04-18 08:45:42', 'Quia illo quae ipsa qui magni molestiae. Praesentium et aliquid quo consequatur ad in. Assumenda non quis corporis natus sequi.'),
(28, 28, 'Nihil alias quo sit dolore distinctio explicabo accusamus.', '2019-04-15 06:07:48', '2019-04-04 16:45:55', 'Officiis occaecati fuga voluptatem distinctio dignissimos ut eaque. Iste quam ut commodi quaerat. Ullam distinctio exercitationem aspernatur sit placeat qui repellat. Itaque vitae nulla dolor quam.'),
(29, 29, 'Nisi autem dolores qui qui aut in laborum.', '2019-04-20 06:45:02', '2019-04-07 03:14:07', 'Voluptas harum provident quia possimus soluta omnis aperiam. Et architecto tempora impedit rem. Odio vel doloremque ea dignissimos. Dolor temporibus mollitia qui omnis sint distinctio delectus. Necessitatibus et quisquam voluptatum quis.'),
(30, 30, 'Dolorum et enim esse et.', '2019-04-19 04:45:37', '2019-03-29 11:36:07', 'Quae atque exercitationem expedita eos omnis. Officiis ex voluptatem dicta iste voluptas et. Aperiam tenetur fugit est nam.'),
(31, 31, 'Aut beatae sit omnis nesciunt nulla quibusdam accusantium explicabo.', '2019-04-19 06:46:47', '2019-04-18 05:32:12', 'Quos dignissimos occaecati velit eum ea. Recusandae culpa aut aliquid. Omnis eos nobis voluptates ipsum itaque suscipit omnis.'),
(32, 32, 'Fugiat voluptatem dolore consequatur blanditiis voluptate ratione occaecati.', '2019-03-30 10:04:32', '2019-04-15 09:56:08', 'Iusto sunt sit magnam ut perferendis. Eligendi recusandae et magnam veniam nihil. Qui pariatur harum sed.'),
(33, 33, 'Quia unde maxime distinctio ex dolores non.', '2019-03-25 20:03:17', '2019-04-17 06:47:44', 'Repellendus distinctio exercitationem consequatur dolores et quia eius magnam. Rerum autem modi quidem nemo laboriosam atque. Magnam sit eos ut accusantium. Corporis eos voluptatibus ullam voluptatem. Est sint incidunt sequi necessitatibus.'),
(34, 34, 'Facere occaecati adipisci dolor qui.', '2019-04-02 23:16:57', '2019-04-04 11:08:58', 'Placeat facere nisi libero saepe minus ab dignissimos. Et molestiae aliquam amet molestiae sequi cupiditate voluptatum. Blanditiis nam maiores rem libero. Odio veniam incidunt voluptatem nihil.'),
(35, 35, 'Ullam ut molestiae illo temporibus.', '2019-04-19 13:18:46', '2019-04-09 00:33:39', 'Dolorem atque saepe qui odio minima voluptatem qui. Quidem qui quaerat omnis voluptatem quasi nam. Laborum delectus dolorem voluptas eveniet.'),
(36, 36, 'Repellendus explicabo blanditiis similique occaecati rerum tempora.', '2019-04-19 16:58:53', '2019-03-26 21:10:26', 'Pariatur dolor eaque labore laudantium. Eveniet natus aliquam qui tempore. Accusantium rerum ut beatae ipsum recusandae unde.'),
(37, 37, 'Quos ut accusamus in consectetur facilis minima dicta.', '2019-04-01 11:22:02', '2019-03-26 00:49:09', 'Et sapiente voluptatem in dolores sit ex ratione tempore. Velit reiciendis qui beatae architecto quo velit sed. Maiores voluptas enim rerum dicta quis et in.'),
(38, 38, 'Consectetur suscipit commodi modi saepe.', '2019-03-31 01:32:15', '2019-03-24 08:28:54', 'Aut eius maiores vel qui debitis aperiam. Qui doloremque quia ea est. Sequi odio dolores qui omnis.'),
(39, 39, 'Id omnis assumenda commodi magni tenetur explicabo aut et.', '2019-03-23 22:25:20', '2019-04-18 23:36:19', 'Harum quae eum molestiae occaecati iusto incidunt pariatur repudiandae. Quibusdam aut non facilis voluptas consequatur repellat adipisci doloribus. Ab impedit aut minus error. Nihil qui accusamus minus corrupti.'),
(40, 40, 'Quis tempora consequatur deleniti deserunt pariatur.', '2019-04-03 04:04:01', '2019-04-09 17:13:52', 'Ad hic omnis sunt ab est ut. Est eius vel laborum. Est et optio error magnam. Soluta modi quam a voluptatem corporis non. Id laboriosam eius laborum ut ullam sit a.'),
(41, 41, 'Eos ex architecto officiis quis ut animi.', '2019-04-10 11:29:14', '2019-04-05 11:32:02', 'Reprehenderit quasi incidunt et. Vel aspernatur vitae fuga reprehenderit aut corrupti. Doloribus quod optio et voluptatibus accusantium doloremque sunt dolorem.'),
(42, 42, 'Debitis amet velit nihil ullam optio.', '2019-04-17 03:25:00', '2019-04-22 21:52:59', 'Odit est occaecati deserunt repudiandae consequatur nam ut. Est consequuntur alias quis aut dolor quam. Occaecati ut at possimus fuga.'),
(43, 43, 'Molestiae aspernatur nihil eos neque nesciunt nulla aspernatur.', '2019-04-21 08:19:22', '2019-04-11 22:34:13', 'Debitis eligendi quis quaerat minus sit. Reiciendis consectetur neque ut pariatur ut. Facilis voluptates alias omnis explicabo molestiae ipsa qui. Incidunt qui atque doloremque sunt qui iusto modi.'),
(44, 44, 'Ut rerum quas minus rerum.', '2019-04-19 05:17:20', '2019-04-13 05:57:43', 'Optio maiores sint sunt commodi. Cum omnis sint assumenda porro. Non ut ducimus rerum velit illo incidunt quia. Distinctio eius consequatur voluptatem eaque.'),
(45, 45, 'Tempora sint ex illo.', '2019-04-15 14:07:33', '2019-03-31 06:57:10', 'Rem dolores tenetur sunt hic eos. Voluptas ullam et delectus et et. Maiores ipsam minima ad tempora. Vel in quam sunt tempore molestias expedita.'),
(46, 46, 'Aliquid similique dignissimos distinctio repellat quaerat.', '2019-04-10 12:27:05', '2019-04-08 03:55:26', 'Officia laboriosam ducimus doloremque dolorem et ad. Eveniet consectetur sit sunt rem dolorem quaerat corporis. Sit deserunt accusamus libero dicta occaecati. Eum minus consequuntur commodi nihil. Suscipit molestiae vel est et nostrum illum.'),
(47, 47, 'Fugiat aut occaecati ipsa praesentium.', '2019-04-16 09:46:07', '2019-04-07 07:42:35', 'Quo unde animi dolor iste quia minima et quia. Optio magnam nihil ut nisi. Voluptas sed harum veritatis et aut sint.'),
(48, 48, 'Nostrum quia optio adipisci autem.', '2019-03-28 18:17:39', '2019-04-03 17:53:51', 'Dolorem rerum quia laboriosam aut omnis provident qui. Ex eos itaque et eos. Non veritatis dicta est.'),
(49, 49, 'Maxime expedita sunt tempora eum laudantium illo quaerat ut.', '2019-04-17 12:11:44', '2019-04-08 05:10:47', 'Sequi dolores eum excepturi quis adipisci. Qui vel dolorem soluta quas molestiae voluptatibus. Ex est corporis molestias iure molestias. Expedita beatae et quis impedit qui accusantium. Sapiente animi similique quia ea.'),
(50, 50, 'Perspiciatis velit deleniti et natus et omnis.', '2019-04-15 18:46:42', '2019-04-06 18:46:48', 'Nihil inventore consequatur facilis autem ea ex a. Ipsam inventore vitae recusandae voluptatum. Ab cumque quia provident aspernatur.');

-- --------------------------------------------------------

--
-- Table structure for table `event_volunteer`
--

CREATE TABLE `event_volunteer` (
  `id` int(11) NOT NULL,
  `event_id` int(11) NOT NULL,
  `volunteer_id` int(11) NOT NULL
) ENGINE=InnoDB DEFAULT CHARSET=utf8mb4 COLLATE=utf8mb4_unicode_ci;

--
-- Dumping data for table `event_volunteer`
--

INSERT INTO `event_volunteer` (`id`, `event_id`, `volunteer_id`) VALUES
(1, 1, 1),
(2, 1, 2),
(3, 2, 3),
(4, 2, 4);

-- --------------------------------------------------------

--
-- Table structure for table `migration_versions`
--

CREATE TABLE `migration_versions` (
  `version` varchar(14) COLLATE utf8mb4_unicode_ci NOT NULL,
  `executed_at` datetime NOT NULL COMMENT '(DC2Type:datetime_immutable)'
) ENGINE=InnoDB DEFAULT CHARSET=utf8mb4 COLLATE=utf8mb4_unicode_ci;

--
-- Dumping data for table `migration_versions`
--

INSERT INTO `migration_versions` (`version`, `executed_at`) VALUES
('20190423180759', '2019-04-23 18:08:24');

-- --------------------------------------------------------

--
-- Table structure for table `organisation`
--

CREATE TABLE `organisation` (
  `id` int(11) NOT NULL,
  `name` varchar(255) COLLATE utf8mb4_unicode_ci NOT NULL,
  `email` varchar(255) COLLATE utf8mb4_unicode_ci NOT NULL,
  `phone` int(11) NOT NULL,
  `address` varchar(255) COLLATE utf8mb4_unicode_ci NOT NULL
) ENGINE=InnoDB DEFAULT CHARSET=utf8mb4 COLLATE=utf8mb4_unicode_ci;

--
-- Dumping data for table `organisation`
--

INSERT INTO `organisation` (`id`, `name`, `email`, `phone`, `address`) VALUES
(1, 'Murphy-Kulas', 'halvorson.raven@becker.com', 863082627, '365 Heaney Isle Suite 199\nKrisview, AR 99119'),
(2, 'Bartoletti-Mayer', 'mkonopelski@friesen.info', 867365681, '7024 Wyatt Course\nAdolfoburgh, FL 29181-3675'),
(3, 'Rutherford-Runolfsdottir', 'upton.lauren@miller.net', 869850587, '329 Christophe Ford Apt. 884\nWest Vaughn, NH 56481'),
(4, 'Considine LLC', 'pouros.eva@kris.com', 869436513, '28494 Reilly Haven Apt. 251\nNathanialview, NY 59139'),
(5, 'Legros-Parker', 'cydney.becker@white.com', 863274299, '3713 Rath Gateway\nPort Merlefurt, DE 79922'),
(6, 'Walsh-Turcotte', 'mae.murazik@mcclure.com', 867308945, '9759 Predovic Mews\nO\'Connellchester, CA 06516-1894'),
(7, 'Johns and Sons', 'hmosciski@beahan.com', 864038901, '9327 Keara Wall\nEast Carole, TN 40619-0507'),
(8, 'Schiller, Beatty and Murazik', 'sgottlieb@mcdermott.com', 865412081, '7551 Wendy Plaza\nNorth Emelie, WA 74799'),
(9, 'Russel-Hermann', 'pgaylord@sporer.net', 869517666, '164 Gianni Island Suite 189\nEast Eldora, ID 75541'),
(10, 'Dooley and Sons', 'mosciski.trevor@jones.com', 868945301, '89810 Dasia Ville\nGoodwinborough, NJ 60267'),
(11, 'Daugherty, Sauer and Mitchell', 'sharon.welch@daniel.com', 864464923, '7109 Ally Knolls\nNorth Alfonzo, NV 97235'),
(12, 'Upton, Hickle and Kilback', 'aarmstrong@schimmel.com', 865557131, '4067 Breanna Road Suite 699\nPort Natalia, MA 08834-0984'),
(13, 'Rau and Sons', 'katarina.conn@herman.info', 867063545, '41069 Durgan Lights\nPriscillamouth, TX 75699-5096'),
(14, 'Farrell LLC', 'nikolaus.frederik@hane.com', 865559787, '7242 Freida Locks Suite 763\nNaderport, ID 37166'),
(15, 'Runte, Franecki and Bartell', 'gibson.ron@carter.com', 867713986, '2830 Predovic Trafficway\nNorth Nyahberg, MS 73861'),
(16, 'Schamberger and Sons', 'funk.reyes@brown.com', 863086723, '545 Cornell Trafficway Suite 726\nGutkowskitown, ME 45449-6814'),
(17, 'Watsica, Glover and Bayer', 'nbeatty@davis.com', 868205498, '4752 Colin Fords Apt. 495\nDandrestad, WA 91827'),
(18, 'Smitham, Kutch and Abshire', 'dominic94@orn.net', 868070714, '345 Berge Walk\nYasmeenchester, ID 37517'),
(19, 'Gottlieb Group', 'wuckert.jannie@quitzon.com', 862165733, '67863 Breitenberg Mall Apt. 372\nLake Adolphusfort, AZ 78539-9967'),
(20, 'Okuneva Group', 'tyree55@mitchell.org', 866174172, '4318 Curt Harbors Suite 806\nJosephberg, OK 73616-9565'),
(21, 'Goldner-Kirlin', 'octavia63@fay.biz', 864176190, '92175 O\'Hara Extensions\nNorth Jesus, MS 94195'),
(22, 'Labadie Group', 'jlowe@mertz.com', 866705275, '6008 Schaefer Roads\nSouth Donniehaven, MO 92779-8807'),
(23, 'Waters Ltd', 'sylvia41@roberts.com', 869283789, '16415 Araceli Lodge\nDessieshire, DC 26527-5753'),
(24, 'Ferry Inc', 'marlen.romaguera@koss.com', 867364960, '9471 Mitchell Light Apt. 605\nNorth Pamelahaven, VT 29426'),
(25, 'Fisher Inc', 'lpfeffer@beier.org', 862617044, '4482 Jacobi Prairie\nPaulaland, KS 00617-6666'),
(26, 'Block, Ward and Dicki', 'cremin.rosalee@mccullough.com', 861824817, '2859 Raoul Ports\nEast Nola, NV 28249'),
(27, 'Johns Group', 'cordie.marvin@rath.com', 861612381, '2846 Gino Views Suite 069\nMaxwellfort, AR 95805'),
(28, 'Legros, Runte and Berge', 'ariane.yost@kuhlman.com', 869058270, '647 Swaniawski Passage Suite 782\nBrodybury, CA 13882-1129'),
(29, 'Auer-Waters', 'oconsidine@wintheiser.com', 868599927, '3171 McDermott Rue\nLake Mayraview, WI 54569'),
(30, 'McGlynn and Sons', 'jast.manley@corwin.info', 867660230, '82029 Towne Cove\nHettingerchester, UT 35177-6665'),
(31, 'Renner Inc', 'chris35@ernser.com', 866388925, '264 Fay Port\nNorth Monserrate, OK 85003'),
(32, 'Purdy, Beier and Pfeffer', 'stiedemann.stanton@yundt.com', 864953145, '7609 Helen Ville Suite 765\nNew Kristopher, NE 12321'),
(33, 'Runte-Zemlak', 'josephine26@bechtelar.com', 862830579, '545 Conn Squares\nMaxfort, DE 09518-9262'),
(34, 'Heller, Gutmann and Rath', 'parisian.tyrese@casper.com', 866116558, '5378 Mraz Underpass\nCristalport, KY 82598'),
(35, 'Marks, Lehner and Kuhn', 'tianna.reichel@morar.org', 866390725, '967 Clint Heights\nGlennieton, WV 02322'),
(36, 'Kuhlman, Sauer and Douglas', 'kyler56@daniel.biz', 867061360, '8901 Nader Groves Suite 976\nConnellyborough, NV 08667'),
(37, 'Kiehn Ltd', 'noemie.johnson@funk.com', 866425167, '4639 Gorczany Courts\nTorphyberg, WI 47520-1463'),
(38, 'Bartoletti Ltd', 'rhea.johnston@heidenreich.com', 868870894, '3867 Frami Dale\nSouth Christiana, LA 21159'),
(39, 'Lockman-Howe', 'bebert@huels.org', 867979088, '1033 Marty Expressway Suite 824\nRobelfort, NY 78369'),
(40, 'Hand-Tillman', 'mitchell.jules@botsford.com', 863964565, '593 Flavie Track Apt. 363\nPort Chancestad, WV 52635'),
(41, 'Grant-Franecki', 'caleigh.schneider@jakubowski.info', 868671256, '83663 Johnston Fort\nWest Keeleymouth, KS 17564'),
(42, 'Davis, Langworth and Schamberger', 'alverta05@haag.com', 867897515, '308 Matt Tunnel\nEast Daphnehaven, FL 82452'),
(43, 'Koch-Pfannerstill', 'bayer.ethel@bruen.com', 864425003, '14981 Hermann Trafficway Suite 558\nPort Kennedimouth, TN 21644-8885'),
(44, 'Miller, Torphy and Christiansen', 'eloisa84@dooley.com', 867303460, '80711 Carter Villages\nLake Johnathanton, MI 03055-1540'),
(45, 'Tromp, Zieme and Hirthe', 'ykirlin@brakus.com', 867641634, '6211 Olson Ville Suite 343\nSouth Shawna, OR 88437'),
(46, 'Dach, Carroll and Zulauf', 'alf.bashirian@reichel.com', 869207467, '5594 Amya Roads\nWilliamsonton, WV 48051-2367'),
(47, 'Kshlerin PLC', 'jruecker@ernser.biz', 867074262, '62915 Watsica Orchard Suite 232\nNew Katelynn, FL 18815-5268'),
(48, 'Zboncak, Berge and Baumbach', 'flatley.tristian@lebsack.org', 861925523, '88120 Konopelski Street Suite 443\nObiechester, UT 46429'),
(49, 'Flatley Ltd', 'krystal.quitzon@schaden.com', 865544745, '9981 Marco Course Apt. 552\nWest Ernestinestad, GA 59036'),
(50, 'Cormier LLC', 'nico.erdman@becker.com', 861078451, '78905 Bette Fords Suite 591\nYostburgh, LA 36114');

-- --------------------------------------------------------

--
-- Table structure for table `review`
--

CREATE TABLE `review` (
  `id` int(11) NOT NULL,
  `volunteer_id` int(11) DEFAULT NULL,
  `review_body` varchar(255) COLLATE utf8mb4_unicode_ci NOT NULL,
  `review_rating` int(11) NOT NULL
) ENGINE=InnoDB DEFAULT CHARSET=utf8mb4 COLLATE=utf8mb4_unicode_ci;

--
-- Dumping data for table `review`
--

INSERT INTO `review` (`id`, `volunteer_id`, `review_body`, `review_rating`) VALUES
(1, 1, 'Maxime voluptate rerum in id necessitatibus aliquam qui corporis. Ea vero omnis voluptas.', 3),
(2, 2, 'Adipisci dolor modi sit consequatur. Qui qui occaecati et.', 10),
(3, 3, 'Accusamus dolorem ea labore sit in et eos suscipit. Cupiditate magni quaerat vel dolorum.', 8),
(4, 4, 'Eum officiis ducimus in dolor. Sed ex quis quaerat sequi. Qui debitis magni sed temporibus.', 8),
(5, 5, 'Voluptas id laborum enim ex iusto. Ullam aut ipsam ex dolor. Debitis cumque deserunt similique.', 4),
(6, 6, 'Voluptas et doloribus maxime. Recusandae quasi est dolorem ut. Id illo nihil pariatur et eius.', 10),
(7, 7, 'Hic itaque unde omnis id. Non quas eos velit. Ut dolores nihil magnam et et sunt quasi sit.', 4),
(8, 8, 'Quas vel et repellat quia. Alias distinctio cupiditate eius fuga ad sit qui.', 10),
(9, 9, 'Voluptates officiis hic voluptate. Nihil alias et esse voluptas minima et.', 4),
(10, 10, 'Quis totam ea hic quo. Quisquam rerum molestias ut dolores. Nostrum consequuntur sint cumque.', 5),
(11, 11, 'Reiciendis rem quis aliquam dolores sit. Molestiae non ad eius.', 2),
(12, 12, 'Omnis ex veniam numquam. Temporibus omnis quaerat omnis ipsam aperiam est.', 5),
(13, 13, 'Aut ut ipsum quas eos et a rerum. Blanditiis consequatur nihil nisi cum dolorem.', 9),
(14, 14, 'Voluptatem quo quam maiores ab qui omnis. Eum praesentium quam quam qui.', 2),
(15, 15, 'Sapiente accusamus hic aliquid quasi. Magni eaque nihil eum. Ut totam delectus ut officia corrupti.', 7),
(16, 16, 'Aut ea nesciunt omnis repudiandae magni. Exercitationem possimus commodi nesciunt id.', 2),
(17, 17, 'Sunt odit pariatur in sit cum enim. Veniam harum quia animi. Suscipit debitis quisquam quia sit.', 6),
(18, 18, 'Quae molestiae enim quo perferendis esse. Alias pariatur pariatur enim nisi non quis laborum.', 5),
(19, 19, 'Velit voluptas id et delectus neque blanditiis quia occaecati. Libero sunt at est velit.', 9),
(20, 20, 'Qui excepturi accusamus sunt quia aliquid. Minus est a et et. Et et quia soluta enim minus.', 2),
(21, 21, 'Error totam est ut aspernatur est nam magni. Provident impedit enim tenetur error deserunt.', 1),
(22, 22, 'Libero illo explicabo quibusdam eligendi ea nemo. Quidem iure velit ut et. Qui qui aut ad.', 6),
(23, 23, 'Minima quo iste tenetur commodi pariatur. At libero nulla est. Labore est autem qui.', 7),
(24, 24, 'Architecto reprehenderit exercitationem voluptates atque voluptatem. Rerum odit omnis qui veniam.', 9),
(25, 25, 'Dolorem tenetur placeat et non. Est tempore molestias praesentium.', 9),
(26, 26, 'Quia facilis facere enim aut. Cum neque non molestias.', 4),
(27, 27, 'Iusto qui dignissimos cumque ut id. Nulla cupiditate repellendus iste dolor et.', 10),
(28, 28, 'Ex soluta sint optio mollitia praesentium asperiores nam. Asperiores id facere veritatis eaque.', 2),
(29, 29, 'Dicta nobis similique ducimus nulla libero aliquid. Ut aut porro quaerat sapiente.', 2),
(30, 30, 'Vero at commodi autem et. Sed aut provident ut nam quia quo doloremque.', 8),
(31, 31, 'Sed vero omnis autem totam. Et enim soluta voluptates.', 6),
(32, 32, 'Qui nisi ut eos qui vitae. Quae porro tempora debitis. Voluptas nemo et dolorem.', 6),
(33, 33, 'Ex in quia consequatur. Eligendi perferendis ut sed quia. Consequatur totam et vel. Sit ut in qui.', 3),
(34, 34, 'Et sit ut quia quam magnam ipsam nostrum. Voluptas iure dolorum et tempora.', 2),
(35, 35, 'Rerum esse quia blanditiis deleniti nostrum libero in. Debitis sunt voluptas eligendi tenetur esse.', 6),
(36, 36, 'Quo aut quo et maxime nam occaecati tempore. Nihil perferendis aliquid aliquid repudiandae.', 1),
(37, 37, 'Dicta mollitia qui temporibus quis. Non molestiae possimus quia.', 10),
(38, 38, 'Nulla sed praesentium iste laboriosam architecto est. In voluptas nisi eos aspernatur ut.', 10),
(39, 39, 'Porro voluptatem ea repudiandae. Sint recusandae perferendis et. Enim dolorem error nisi ut.', 2),
(40, 40, 'Rem ipsam ut aperiam eos ipsum nam. Est neque nostrum ab et. Soluta est et in ut pariatur dolorem.', 7),
(41, 41, 'Eos et rem iusto aspernatur saepe. Sit alias qui consequatur voluptas. Illum esse amet magni.', 1),
(42, 42, 'Natus omnis saepe aperiam ratione voluptatum nemo. Ut corrupti sequi libero quae quibusdam ea.', 4),
(43, 43, 'Autem voluptatem ut sint sunt delectus animi. Consectetur consequatur laborum iusto quae fugit.', 6),
(44, 44, 'Quos ea autem ratione quasi ipsum reiciendis. Nihil quis cumque repudiandae.', 5),
(45, 45, 'Modi sit labore quae alias veritatis qui. Aliquid voluptas atque et fugiat. Voluptas amet ullam id.', 8),
(46, 46, 'Ut deserunt quia consequatur deserunt. Culpa iusto voluptas quo est eum.', 5),
(47, 47, 'Dignissimos est provident veritatis. Ullam quo eos ut et facere atque.', 4),
(48, 48, 'Et et esse excepturi odio iusto blanditiis. Voluptas blanditiis quidem sit minus molestias fugit.', 4),
(49, 49, 'Neque tempore maxime ipsum itaque. Architecto ipsum quo id ea. Non aliquam odio fugiat neque.', 9),
(50, 50, 'Quia rerum aliquam recusandae qui. Magnam consequuntur earum distinctio facilis.', 8);

-- --------------------------------------------------------

--
-- Table structure for table `volunteer`
--

CREATE TABLE `volunteer` (
  `id` int(11) NOT NULL,
  `firstname` varchar(255) COLLATE utf8mb4_unicode_ci NOT NULL,
  `lastname` varchar(255) COLLATE utf8mb4_unicode_ci NOT NULL,
  `phone` int(11) NOT NULL,
  `email` varchar(255) COLLATE utf8mb4_unicode_ci NOT NULL,
  `job_type` varchar(255) COLLATE utf8mb4_unicode_ci NOT NULL
) ENGINE=InnoDB DEFAULT CHARSET=utf8mb4 COLLATE=utf8mb4_unicode_ci;

--
-- Dumping data for table `volunteer`
--

INSERT INTO `volunteer` (`id`, `firstname`, `lastname`, `phone`, `email`, `job_type`) VALUES
(1, 'Colin', 'Stark', 864006693, 'daphne88@waters.biz', 'natural disasters'),
(2, 'Vivienne', 'Heathcote', 864870818, 'omarvin@yahoo.com', 'hunger'),
(3, 'Jennings', 'Howell', 869797643, 'wfeest@muller.com', 'abuse against women'),
(4, 'Doyle', 'Kiehn', 862646895, 'kub.elna@schumm.com', 'abuse against women'),
(5, 'Abelardo', 'Turner', 869929005, 'davin.gibson@yahoo.com', 'natural disasters'),
(6, 'Alberta', 'Becker', 865576752, 'lucienne.bartell@rath.com', 'abuse against women'),
(7, 'Summer', 'Johns', 864998216, 'qgibson@hotmail.com', 'abuse against women'),
(8, 'Jaydon', 'Haag', 861334724, 'zulauf.rose@von.com', 'natural disasters'),
(9, 'Leonardo', 'Zboncak', 867673670, 'nziemann@yahoo.com', 'preventing illness'),
(10, 'Remington', 'Gusikowski', 864389942, 'tyreek71@kulas.info', 'environmental'),
(11, 'Olga', 'Altenwerth', 869427116, 'connor.goyette@prosacco.biz', 'abuse against women'),
(12, 'Greyson', 'Hamill', 863515196, 'vmedhurst@littel.com', 'preventing illness'),
(13, 'Sandra', 'Carter', 868096466, 'lacy.johnson@kreiger.com', 'poverty'),
(14, 'Aleen', 'Maggio', 864303048, 'fidel.kling@batz.com', 'natural disasters'),
(15, 'Bryce', 'Bernhard', 864298863, 'vicenta90@cartwright.com', 'anti-war'),
(16, 'Demarcus', 'Macejkovic', 867718521, 'greenfelder.laurie@hotmail.com', 'abuse against women'),
(17, 'Gabrielle', 'Botsford', 866846026, 'graham75@metz.com', 'poverty'),
(18, 'Aubrey', 'Lemke', 867900603, 'howell.tito@beer.com', 'anti-war'),
(19, 'Ernestine', 'Ward', 867773829, 'stanton.timmy@casper.com', 'anti-war'),
(20, 'Jeremy', 'Kshlerin', 866628933, 'wconsidine@ullrich.com', 'anti-war'),
(21, 'Roxanne', 'Kling', 862127698, 'kristofer.connelly@anderson.com', 'environmental'),
(22, 'Hilario', 'Wiza', 863168178, 'ruthe.renner@daugherty.net', 'hunger'),
(23, 'Dylan', 'Collins', 866603044, 'june63@adams.com', 'poverty'),
(24, 'Cassie', 'Abernathy', 861901147, 'goodwin.harley@zieme.com', 'natural disasters'),
(25, 'Heidi', 'Langosh', 869951356, 'demetris06@hotmail.com', 'poverty'),
(26, 'Frank', 'Goodwin', 863485219, 'sblock@koch.com', 'poverty'),
(27, 'Gerard', 'Haag', 863291226, 'jean.reynolds@yahoo.com', 'poverty'),
(28, 'Amya', 'Blanda', 864985516, 'reichel.brenda@smitham.com', 'poverty'),
(29, 'Tyrell', 'Krajcik', 868203424, 'ransom46@durgan.org', 'anti-war'),
(30, 'Rodrigo', 'Nitzsche', 865244905, 'winona30@feest.net', 'poverty'),
(31, 'Zion', 'Kerluke', 864963661, 'louisa.casper@hotmail.com', 'preventing illness'),
(32, 'Zora', 'Harvey', 869190873, 'mertz.kavon@hotmail.com', 'environmental'),
(33, 'Rodolfo', 'Beer', 866136153, 'berge.jordane@conn.com', 'abuse against women'),
(34, 'Walker', 'Prosacco', 867783609, 'king.norma@parisian.biz', 'natural disasters'),
(35, 'Sarai', 'Ritchie', 864561090, 'sunny22@yahoo.com', 'preventing illness'),
(36, 'Isom', 'Weber', 869295049, 'rmante@hotmail.com', 'preventing illness'),
(37, 'Elena', 'Stamm', 861371039, 'bennett.emmerich@gmail.com', 'abuse against women'),
(38, 'Mireille', 'Harris', 865543730, 'markus62@gmail.com', 'natural disasters'),
(39, 'Davonte', 'Murray', 864803273, 'goyette.anita@hotmail.com', 'preventing illness'),
(40, 'Sadye', 'Bosco', 868477914, 'initzsche@sipes.com', 'abuse against women'),
(41, 'Scot', 'Collier', 869456380, 'lucius05@gmail.com', 'anti-war'),
(42, 'Arvid', 'Funk', 864869870, 'ycruickshank@doyle.com', 'natural disasters'),
(43, 'River', 'O\'Kon', 868250139, 'moore.robert@gmail.com', 'preventing illness'),
(44, 'Serena', 'Halvorson', 867122782, 'selena.kuphal@hotmail.com', 'natural disasters'),
(45, 'Gunner', 'Nikolaus', 867422275, 'csatterfield@hartmann.biz', 'hunger'),
(46, 'Darby', 'Stehr', 864700975, 'horace69@hotmail.com', 'abuse against women'),
(47, 'Lucienne', 'Batz', 869064630, 'cbecker@gmail.com', 'hunger'),
(48, 'Mable', 'Eichmann', 863233948, 'kassandra.oreilly@hotmail.com', 'hunger'),
(49, 'Albert', 'O\'Hara', 861592189, 'zella49@hegmann.com', 'preventing illness'),
(50, 'Devin', 'Boehm', 862161152, 'halie40@auer.com', 'hunger');

--
-- Indexes for dumped tables
--

--
-- Indexes for table `event`
--
ALTER TABLE `event`
  ADD PRIMARY KEY (`id`),
  ADD KEY `IDX_3BAE0AA79E6B1585` (`organisation_id`);

--
-- Indexes for table `event_volunteer`
--
ALTER TABLE `event_volunteer`
  ADD PRIMARY KEY (`id`);

--
-- Indexes for table `migration_versions`
--
ALTER TABLE `migration_versions`
  ADD PRIMARY KEY (`version`);

--
-- Indexes for table `organisation`
--
ALTER TABLE `organisation`
  ADD PRIMARY KEY (`id`);

--
-- Indexes for table `review`
--
ALTER TABLE `review`
  ADD PRIMARY KEY (`id`),
  ADD KEY `IDX_794381C68EFAB6B1` (`volunteer_id`);

--
-- Indexes for table `volunteer`
--
ALTER TABLE `volunteer`
  ADD PRIMARY KEY (`id`);

--
-- AUTO_INCREMENT for dumped tables
--

--
-- AUTO_INCREMENT for table `event`
--
ALTER TABLE `event`
  MODIFY `id` int(11) NOT NULL AUTO_INCREMENT, AUTO_INCREMENT=51;
--
-- AUTO_INCREMENT for table `event_volunteer`
--
ALTER TABLE `event_volunteer`
  MODIFY `id` int(11) NOT NULL AUTO_INCREMENT, AUTO_INCREMENT=5;
--
-- AUTO_INCREMENT for table `organisation`
--
ALTER TABLE `organisation`
  MODIFY `id` int(11) NOT NULL AUTO_INCREMENT, AUTO_INCREMENT=51;
--
-- AUTO_INCREMENT for table `review`
--
ALTER TABLE `review`
  MODIFY `id` int(11) NOT NULL AUTO_INCREMENT, AUTO_INCREMENT=51;
--
-- AUTO_INCREMENT for table `volunteer`
--
ALTER TABLE `volunteer`
  MODIFY `id` int(11) NOT NULL AUTO_INCREMENT, AUTO_INCREMENT=51;
--
-- Constraints for dumped tables
--

--
-- Constraints for table `event`
--
ALTER TABLE `event`
  ADD CONSTRAINT `FK_3BAE0AA79E6B1585` FOREIGN KEY (`organisation_id`) REFERENCES `organisation` (`id`);

--
-- Constraints for table `review`
--
ALTER TABLE `review`
  ADD CONSTRAINT `FK_794381C68EFAB6B1` FOREIGN KEY (`volunteer_id`) REFERENCES `volunteer` (`id`);

/*!40101 SET CHARACTER_SET_CLIENT=@OLD_CHARACTER_SET_CLIENT */;
/*!40101 SET CHARACTER_SET_RESULTS=@OLD_CHARACTER_SET_RESULTS */;
/*!40101 SET COLLATION_CONNECTION=@OLD_COLLATION_CONNECTION */;
