-- phpMyAdmin SQL Dump
-- version 4.6.6deb5
-- https://www.phpmyadmin.net/
--
-- Host: localhost:3306
-- Generation Time: Apr 27, 2019 at 05:47 PM
-- Server version: 5.7.25-0ubuntu0.18.04.2
-- PHP Version: 7.2.17-0ubuntu0.18.04.1

SET SQL_MODE = "NO_AUTO_VALUE_ON_ZERO";
SET time_zone = "+00:00";


/*!40101 SET @OLD_CHARACTER_SET_CLIENT=@@CHARACTER_SET_CLIENT */;
/*!40101 SET @OLD_CHARACTER_SET_RESULTS=@@CHARACTER_SET_RESULTS */;
/*!40101 SET @OLD_COLLATION_CONNECTION=@@COLLATION_CONNECTION */;
/*!40101 SET NAMES utf8mb4 */;

--
-- Database: `savanoryste`
--

-- --------------------------------------------------------

--
-- Table structure for table `event`
--

CREATE TABLE `event` (
  `id` int(11) NOT NULL,
  `organisation_id` int(11) DEFAULT NULL,
  `title` varchar(255) COLLATE utf8mb4_unicode_ci NOT NULL,
  `start_date` datetime NOT NULL,
  `end_date` datetime NOT NULL,
  `description` longtext COLLATE utf8mb4_unicode_ci NOT NULL
) ENGINE=InnoDB DEFAULT CHARSET=utf8mb4 COLLATE=utf8mb4_unicode_ci;

--
-- Dumping data for table `event`
--

INSERT INTO `event` (`id`, `organisation_id`, `title`, `start_date`, `end_date`, `description`) VALUES
(1, 1, 'Aut iusto ut dignissimos voluptatem consequatur.', '2019-04-08 01:43:50', '2019-04-08 14:06:43', 'Qui sit quam quisquam sit vitae aut et. Laborum libero vitae in neque unde dolor. Vitae voluptatem fugiat ut dolores voluptatem ea voluptate. Sapiente eligendi temporibus quam quis.'),
(2, 2, 'Pariatur sit non et explicabo vitae perspiciatis.', '2019-03-30 07:46:48', '2019-04-01 18:59:53', 'Deserunt aut delectus non consequatur dolorem eveniet voluptatem accusamus. Consectetur iste rerum qui aut quo eum et. Laudantium omnis perspiciatis laudantium molestiae reiciendis molestiae sunt voluptates.'),
(3, 3, 'Veniam porro necessitatibus molestias sint numquam.', '2019-04-01 02:29:48', '2019-03-30 19:08:30', 'Excepturi at sunt modi et consectetur necessitatibus. Et natus omnis corrupti a praesentium vero accusantium. Eum ad dolores praesentium.'),
(4, 4, 'Architecto iste hic occaecati officiis consequatur earum.', '2019-04-15 21:37:24', '2019-03-29 12:32:37', 'Provident alias aut quia asperiores saepe quas necessitatibus. Perferendis necessitatibus cupiditate distinctio vitae. Sed aliquid architecto odio ea ut. Eveniet vel velit quas cumque quisquam qui.'),
(5, 5, 'Fugiat animi nisi molestiae deleniti et earum non molestiae.', '2019-04-19 21:31:28', '2019-04-22 21:05:19', 'Suscipit praesentium consequuntur non fuga porro et et culpa. Ut saepe aliquid molestiae dolor facilis ratione distinctio. Asperiores illum voluptatem ut et temporibus ut.'),
(6, 6, 'Itaque perferendis numquam et rem magni ut.', '2019-03-24 17:21:56', '2019-03-28 12:49:49', 'Eum error voluptates dolores asperiores et a. Architecto ratione dolorum sapiente est omnis. Sunt rem voluptas ut quia nobis rerum aut. Praesentium provident odit non modi facilis. Ullam id dignissimos mollitia nesciunt autem a voluptatibus.'),
(7, 7, 'Quis ut odit illo voluptates molestiae et id fugiat.', '2019-04-23 11:13:40', '2019-03-31 10:18:04', 'Rem qui iure dolorum vel natus est. Consequatur tenetur quod repellat dolor ea atque. Quia rerum enim ea deleniti temporibus. Asperiores eum non nihil.'),
(8, 8, 'Eos repellendus odit quae.', '2019-03-25 04:32:11', '2019-03-29 10:34:23', 'Amet est harum sit laboriosam iste est. Suscipit consectetur voluptatem a voluptates. Velit officiis voluptatem temporibus velit vel aspernatur. Libero fugit incidunt repellendus libero facilis est eos. Dolores sed velit et.'),
(9, 9, 'Qui rem perferendis adipisci non dolorum.', '2019-04-16 13:26:32', '2019-04-22 12:25:50', 'Deleniti cumque ducimus sint delectus molestias. Commodi aut necessitatibus ipsa pariatur. Illum adipisci possimus aut sit saepe. Culpa dolore iure id ratione quaerat quis.'),
(10, 10, 'Tempora assumenda aut repellat omnis nostrum et voluptatem.', '2019-04-13 13:15:15', '2019-04-10 19:45:45', 'Quos impedit nemo excepturi molestias aliquam. Officiis eaque est eius est nobis ullam ex aut. Nam in ea corporis impedit saepe. Et et eum dicta et ea non.'),
(11, 11, 'Expedita esse similique tempore dolorem.', '2019-04-18 14:59:29', '2019-04-18 04:13:03', 'Unde quam eaque voluptates perferendis ex occaecati mollitia. Quaerat magnam quam vitae aut perspiciatis officia aperiam. Dolorem aliquid natus voluptatibus quidem ut.'),
(12, 12, 'Id similique id quos aliquam vitae accusantium.', '2019-04-04 22:48:33', '2019-04-23 04:48:03', 'Quibusdam vero inventore doloremque unde qui distinctio. Sed recusandae omnis officiis facilis qui autem. Recusandae cumque nihil dolor et veritatis inventore commodi. Voluptas harum aut et.'),
(13, 13, 'Fugit aut aut quia laborum adipisci.', '2019-04-19 07:20:51', '2019-04-20 21:14:10', 'Ut dicta aut atque ut quae dolores fugiat. Vero sapiente autem similique neque vel quaerat sed. Nostrum ut qui quaerat est molestiae commodi tenetur.'),
(14, 14, 'Laborum et eius consectetur distinctio dolor necessitatibus voluptatem.', '2019-03-30 16:22:41', '2019-04-11 00:05:01', 'Praesentium rerum debitis recusandae. Perspiciatis dolorem quis magnam quod magnam qui. Ullam odit pariatur illo autem qui. Adipisci et aliquid esse sunt accusamus voluptatem est.'),
(15, 15, 'Dolor aut adipisci porro quia velit.', '2019-04-03 12:24:45', '2019-04-01 23:36:38', 'In hic cupiditate velit deleniti quia sed laboriosam. Et voluptatem doloribus quia voluptatem consequatur sequi. Culpa consequatur quia quibusdam. Neque tempora eius sint ratione.'),
(16, 16, 'Est ut voluptates deserunt quia consequatur nostrum dignissimos eveniet.', '2019-04-07 05:37:08', '2019-04-04 07:21:04', 'Impedit cupiditate non porro voluptatem quos sequi earum. Illum eum aut quia aliquid. Facere nostrum vero voluptatem ipsam unde.'),
(17, 17, 'Ipsam provident velit rerum ad rerum.', '2019-04-20 03:11:19', '2019-04-22 06:03:13', 'Earum nihil quaerat rem eum. Ut excepturi necessitatibus saepe molestias rem aut. Aperiam numquam nesciunt non reprehenderit impedit quia doloribus. Perspiciatis nihil sit accusantium mollitia reiciendis dignissimos suscipit.'),
(18, 18, 'Sunt ipsam culpa aut similique autem incidunt.', '2019-04-01 17:04:47', '2019-04-03 19:27:43', 'Et quisquam laborum aut reiciendis commodi est saepe. Enim nam nobis aut maxime sequi maiores ut. Minus pariatur aut eius architecto ex non. Molestiae perferendis quibusdam sequi et officiis et.'),
(19, 19, 'Beatae aut occaecati possimus et dolore sequi repellat.', '2019-04-19 18:01:26', '2019-04-13 15:09:21', 'Adipisci pariatur aut ea id velit error maxime aut. Quia laudantium hic et alias.'),
(20, 20, 'Laboriosam est consequuntur exercitationem harum facilis.', '2019-03-31 19:05:56', '2019-04-24 09:25:47', 'Exercitationem qui repellendus sed excepturi. Est laborum voluptas qui ratione et suscipit dolore. Similique et amet atque sint qui debitis illo eum. Odit magni ea hic possimus.'),
(21, 21, 'Impedit dolorum aut aut magni.', '2019-04-15 19:42:09', '2019-04-09 19:38:33', 'Eius quia voluptas non. Aspernatur neque voluptas sit nisi numquam reprehenderit. Quasi dolores similique quia similique ea assumenda. Qui recusandae voluptas vero ea vel saepe expedita.'),
(22, 22, 'Molestias assumenda dolorum ratione non delectus ut labore voluptates.', '2019-04-22 16:17:49', '2019-03-31 09:31:08', 'Quibusdam consequatur repudiandae hic qui quidem. Soluta fugiat aut rem. Cumque cupiditate rerum itaque consequuntur sed deleniti dolorem.'),
(23, 23, 'Officia culpa et impedit nulla.', '2019-04-23 00:06:13', '2019-04-14 17:20:38', 'Odit animi harum delectus aliquid aliquam adipisci ut occaecati. Quia in ut ut. Aut architecto eos et.'),
(24, 24, 'Vero et fugiat ut nemo sunt eum cumque.', '2019-04-08 13:54:41', '2019-04-09 19:05:05', 'Doloribus molestiae exercitationem voluptatem sit. Asperiores qui non voluptatem consequatur eum exercitationem deserunt voluptas. Impedit voluptatibus voluptas expedita. Quidem sint tempora asperiores voluptas dolore est dolor sed. Et earum animi eum nesciunt.'),
(25, 25, 'Magni enim eum illum magnam non et ex quia.', '2019-04-13 18:02:52', '2019-04-19 18:35:24', 'Perspiciatis est ut nostrum voluptatem ut. Sed aut in provident quia. Tenetur excepturi nisi expedita fugit alias itaque ad modi. Autem eius dolores recusandae voluptatem amet veritatis rem.'),
(26, 26, 'Corrupti molestiae rerum quas.', '2019-04-20 02:22:34', '2019-04-10 20:30:05', 'Et voluptas corporis adipisci minus omnis. Laboriosam et amet dolorum ut amet. Iusto rerum ipsa voluptatem expedita ducimus et et. Autem nemo nihil reiciendis hic harum. Ut enim ea aut sapiente et.'),
(27, 27, 'Distinctio velit at vel facere eius nam omnis.', '2019-03-31 10:33:08', '2019-04-17 02:42:36', 'Distinctio impedit delectus voluptas excepturi dolor tempora ab. Voluptate cupiditate magnam et sit. Porro voluptates consequatur veniam voluptas optio ipsum laudantium consequatur. Sunt consequuntur amet molestiae ex quae non minima.'),
(28, 28, 'Aut officiis beatae possimus est reiciendis autem aut.', '2019-03-26 04:34:21', '2019-04-14 04:29:49', 'Nisi ex non recusandae aspernatur explicabo. Maxime impedit fugiat totam aut repudiandae omnis. Debitis est quos officiis.'),
(29, 29, 'Molestiae enim officia commodi dicta vel.', '2019-04-07 17:41:21', '2019-04-20 23:41:03', 'Est voluptates fugiat et consequatur. Similique nihil laudantium omnis dolore et nam in. Labore molestiae eius sint eveniet. Rem eum iste dolorem deleniti quibusdam.'),
(30, 30, 'Ipsum porro ut rem quam quibusdam ducimus culpa.', '2019-04-04 21:20:30', '2019-04-03 22:11:39', 'Est nisi dignissimos ad dolorem eius odio minima enim. Culpa sint ut aperiam est assumenda. Eius rerum ullam ea nisi odit eum. Velit at dolorum necessitatibus autem dolor pariatur incidunt.'),
(31, 31, 'Veniam vero maxime vel voluptate nam.', '2019-04-17 15:10:07', '2019-04-02 00:47:19', 'Perspiciatis odit veritatis possimus rerum sunt. Et molestias voluptatem dolores nihil possimus. Et asperiores in sapiente minus dolor eum qui.'),
(32, 32, 'Expedita possimus delectus aut vel eius.', '2019-04-15 11:00:32', '2019-03-24 15:54:28', 'Facilis quam perspiciatis ipsam laboriosam et eius. Ex est natus aut rem. Id quaerat perferendis harum quia animi.'),
(33, 33, 'Non et ullam ut voluptatem consectetur vel.', '2019-04-18 23:35:50', '2019-04-13 19:00:30', 'Facere placeat officia temporibus quibusdam dolorem dignissimos minus. Alias a iste quaerat autem. Cum sed animi cumque porro ab ratione. Inventore dolore eveniet quia aperiam placeat nam ut.'),
(34, 34, 'Et ut cum vel incidunt.', '2019-04-13 06:24:38', '2019-04-04 23:16:49', 'Omnis quia quibusdam eveniet aliquid quas libero. Rerum in excepturi sequi amet eos.'),
(35, 35, 'Quod velit error deserunt ipsam nulla enim fugiat.', '2019-04-21 22:44:48', '2019-04-24 13:38:01', 'Exercitationem ut aliquam eum ut aut nesciunt. Sapiente autem distinctio voluptatem nihil. Quasi illo ut delectus sit illum itaque. Itaque quam sint quam qui fugiat nulla excepturi.'),
(36, 36, 'Repudiandae suscipit sint dicta aliquam deserunt.', '2019-04-04 10:31:25', '2019-04-11 16:34:22', 'Nisi culpa et voluptatem ut facilis et eos sed. Voluptate eos voluptatibus omnis id. Dolorem in minima numquam ullam suscipit debitis. Et repellat voluptas tenetur sit.'),
(37, 37, 'Dolorem molestiae aut nihil omnis et ut.', '2019-04-22 06:31:45', '2019-04-05 23:42:57', 'Et vero tempora nulla omnis. Fugiat id est ea. Suscipit eaque et enim deleniti nisi non. Laudantium et sit sit sint.'),
(38, 38, 'Ipsum fuga numquam repellendus qui qui.', '2019-03-31 02:54:13', '2019-04-07 13:39:01', 'Voluptatem eveniet molestiae illum. Asperiores praesentium commodi doloremque cumque omnis. Et ut fugit non molestiae quia in.'),
(39, 39, 'Sit molestiae ipsa ullam et.', '2019-03-27 04:27:50', '2019-03-25 16:12:44', 'Aut et ut sint error nihil animi ipsum. Magni sint consequatur dolores adipisci magnam dolorem. Est illum dolores dolorem. Vero aspernatur rerum sapiente est vitae.'),
(40, 40, 'Repellendus quo voluptatum eos id in et quisquam.', '2019-03-28 19:36:06', '2019-04-04 17:47:37', 'Saepe adipisci culpa eaque libero omnis. Dolor numquam et ut quae. Aliquam minus consequatur et id possimus eveniet. Tenetur dignissimos eos minima officia sunt.'),
(41, 41, 'Quaerat ex unde eos voluptas aut occaecati.', '2019-04-19 05:32:45', '2019-03-31 07:58:45', 'Dolore cum ratione aut sed enim totam. Architecto itaque harum nulla libero sed est et. Suscipit nulla dolores corrupti rem asperiores nobis dicta.'),
(42, 42, 'Nihil perferendis dolorum vel numquam beatae ex.', '2019-04-16 23:37:07', '2019-04-15 18:15:36', 'Dicta rerum blanditiis laudantium illo deserunt. Earum beatae accusamus maiores nostrum ut. At consequatur dolorum eligendi dolores quidem ab. Repudiandae voluptas illum et eos.'),
(43, 43, 'Perspiciatis dolorem est eligendi quidem similique ducimus.', '2019-04-22 04:27:03', '2019-03-31 09:28:23', 'Aut porro consequuntur est voluptates laboriosam. Non cumque maxime nihil eum error non amet. Quibusdam sed illo ab eum. Qui incidunt earum rerum dignissimos dolor eligendi unde.'),
(44, 44, 'Numquam dolorum sed voluptate sit.', '2019-04-16 02:30:42', '2019-04-21 19:02:55', 'Consequatur consequatur recusandae commodi veniam voluptatem. Dolor velit qui harum explicabo.'),
(45, 45, 'Aut ad voluptatem est tempora molestias sunt.', '2019-04-07 09:14:52', '2019-03-24 16:18:10', 'Omnis accusamus rerum et itaque dolor nobis ea. Mollitia laborum in esse aliquid. Debitis sunt nobis est.'),
(46, 46, 'Iusto alias consequatur eveniet repellat ex.', '2019-03-27 22:56:31', '2019-03-28 16:27:49', 'Nisi minus nostrum ab eum fugit. Deserunt alias consectetur perspiciatis et quis error. Autem placeat rerum quisquam quia quidem nesciunt impedit. Voluptate sed occaecati quis qui.'),
(47, 47, 'Est totam nihil vero dolorum reprehenderit quae saepe repellat.', '2019-04-08 08:31:28', '2019-04-12 08:12:50', 'Provident optio commodi in. In autem et delectus sequi ad dolor.'),
(48, 48, 'Vel ut saepe iure sunt.', '2019-03-30 20:44:53', '2019-04-20 03:03:07', 'Cumque doloremque hic itaque cumque qui blanditiis minus sed. Minus quisquam dolorem ut rerum. In maiores ut rerum dignissimos quis eveniet omnis consequuntur.'),
(49, 49, 'Quisquam quia exercitationem adipisci voluptatem quaerat consequatur.', '2019-04-22 18:08:44', '2019-04-07 22:50:54', 'Eos aut officia beatae voluptatem. Vero assumenda aut sit quia dolores quia animi sed. Ea accusantium ab quos reprehenderit qui dolor.'),
(50, 50, 'Et fugit quis sint.', '2019-04-23 21:33:12', '2019-04-15 04:51:43', 'Omnis esse esse necessitatibus hic dolor minima. Quidem quidem tenetur itaque laudantium dolorum.');

-- --------------------------------------------------------

--
-- Table structure for table `job`
--

CREATE TABLE `job` (
  `id` int(11) NOT NULL,
  `volunteer_id` int(11) DEFAULT NULL,
  `job_type` varchar(255) COLLATE utf8mb4_unicode_ci NOT NULL
) ENGINE=InnoDB DEFAULT CHARSET=utf8mb4 COLLATE=utf8mb4_unicode_ci;

--
-- Dumping data for table `job`
--

INSERT INTO `job` (`id`, `volunteer_id`, `job_type`) VALUES
(1, 1, 'preventing illness'),
(2, 2, 'preventing illness'),
(3, 3, 'environmental'),
(4, 4, 'preventing illness'),
(5, 5, 'anti-war'),
(6, 6, 'hunger'),
(7, 7, 'anti-war'),
(8, 8, 'hunger'),
(9, 9, 'environmental'),
(10, 10, 'environmental'),
(11, 11, 'poverty'),
(12, 12, 'hunger'),
(13, 13, 'abuse against women'),
(14, 14, 'abuse against women'),
(15, 15, 'abuse against women'),
(16, 16, 'poverty'),
(17, 17, 'abuse against women'),
(18, 18, 'environmental'),
(19, 19, 'natural disasters'),
(20, 20, 'environmental'),
(21, 21, 'environmental'),
(22, 22, 'preventing illness'),
(23, 23, 'preventing illness'),
(24, 24, 'abuse against women'),
(25, 25, 'environmental'),
(26, 26, 'environmental'),
(27, 27, 'hunger'),
(28, 28, 'abuse against women'),
(29, 29, 'environmental'),
(30, 30, 'preventing illness'),
(31, 31, 'environmental'),
(32, 32, 'abuse against women'),
(33, 33, 'environmental'),
(34, 34, 'natural disasters'),
(35, 35, 'abuse against women'),
(36, 36, 'abuse against women'),
(37, 37, 'hunger'),
(38, 38, 'natural disasters'),
(39, 39, 'natural disasters'),
(40, 40, 'natural disasters'),
(41, 41, 'preventing illness'),
(42, 42, 'preventing illness'),
(43, 43, 'anti-war'),
(44, 44, 'natural disasters'),
(45, 45, 'abuse against women'),
(46, 46, 'anti-war'),
(47, 47, 'anti-war'),
(48, 48, 'hunger'),
(49, 49, 'hunger'),
(50, 50, 'anti-war');

-- --------------------------------------------------------

--
-- Table structure for table `migration_versions`
--

CREATE TABLE `migration_versions` (
  `version` varchar(14) COLLATE utf8mb4_unicode_ci NOT NULL,
  `executed_at` datetime NOT NULL COMMENT '(DC2Type:datetime_immutable)'
) ENGINE=InnoDB DEFAULT CHARSET=utf8mb4 COLLATE=utf8mb4_unicode_ci;

--
-- Dumping data for table `migration_versions`
--

INSERT INTO `migration_versions` (`version`, `executed_at`) VALUES
('20190424114809', '2019-04-24 11:48:32');

-- --------------------------------------------------------

--
-- Table structure for table `organisation`
--

CREATE TABLE `organisation` (
  `id` int(11) NOT NULL,
  `name` varchar(255) COLLATE utf8mb4_unicode_ci NOT NULL,
  `email` varchar(255) COLLATE utf8mb4_unicode_ci NOT NULL,
  `phone` int(11) NOT NULL,
  `address` varchar(255) COLLATE utf8mb4_unicode_ci NOT NULL
) ENGINE=InnoDB DEFAULT CHARSET=utf8mb4 COLLATE=utf8mb4_unicode_ci;

--
-- Dumping data for table `organisation`
--

INSERT INTO `organisation` (`id`, `name`, `email`, `phone`, `address`) VALUES
(1, 'Johnston, Schuster and Murazik', 'everette.dubuque@stark.biz', 869515605, '7537 Johathan Points\nManteland, IN 64790'),
(2, 'Hintz PLC', 'xmiller@crona.info', 869789027, '891 Rubie Drive Suite 118\nPort Evans, DE 57553-4629'),
(3, 'Marvin-Anderson', 'rcronin@boehm.com', 869878519, '66565 Keebler Mews Apt. 323\nNorth Jedediahton, KY 12141-5753'),
(4, 'Friesen, Pagac and Cummerata', 'yoshiko.green@kub.com', 869097731, '11908 Goyette Port\nCrooksburgh, AK 39524-0596'),
(5, 'Smith PLC', 'olson.afton@leffler.org', 866357106, '6804 Ola Pass Apt. 562\nDerickshire, WY 62346'),
(6, 'Kunde Inc', 'elta66@simonis.com', 861530587, '80483 Russel Corner\nEast Gabe, OK 19112'),
(7, 'Altenwerth-Greenholt', 'jayda84@jacobs.com', 868075136, '69578 Miller Drive Apt. 073\nNew Nolamouth, RI 82155-8446'),
(8, 'Schmitt, Hane and Gutmann', 'linwood35@abshire.info', 869305008, '528 Kihn Shores\nRosellaborough, NE 81397-3903'),
(9, 'Breitenberg-Larson', 'cpadberg@wehner.com', 867157015, '39863 Berge Route\nVickieland, IN 03165'),
(10, 'Hessel and Sons', 'anderson.beatrice@olson.com', 866402035, '56268 Joany Forge\nPort Charliechester, WY 62364-6558'),
(11, 'Hansen, Pfannerstill and Jacobs', 'jkuphal@rath.com', 861900307, '75728 Adrian Mountain\nEast Herman, OR 79984-3103'),
(12, 'Walker-Thompson', 'dach.brendon@abbott.com', 865088310, '561 Durgan Haven Apt. 273\nLake Petra, AL 15949-2058'),
(13, 'Hickle, Considine and Dibbert', 'giovanny74@wuckert.info', 867187085, '12963 Chance Station Suite 365\nLouveniastad, CO 02542'),
(14, 'Thompson, Koepp and Predovic', 'hackett.jaydon@tremblay.net', 866416897, '56410 Lockman Grove Apt. 759\nLegrosborough, WV 40806-0627'),
(15, 'Robel, Runte and Lubowitz', 'sigmund43@williamson.com', 869465718, '9334 Gulgowski Springs\nNew Santamouth, WY 88211'),
(16, 'Schmitt Ltd', 'gleichner.kris@douglas.com', 863839129, '988 Oma Trail Apt. 503\nNew Zitabury, DC 19445-0656'),
(17, 'Conn, Keebler and Hudson', 'ucronin@paucek.com', 867387260, '8988 Luciano Wall\nEast Monteburgh, IN 94171'),
(18, 'Gorczany LLC', 'vivien.ankunding@bins.com', 861202753, '1420 Ziemann Mews Apt. 351\nLake Lilianabury, ND 27780'),
(19, 'Kiehn PLC', 'serena51@schmeler.com', 867247705, '882 Hand Via\nLehnermouth, PA 47736'),
(20, 'Bahringer-Corkery', 'schultz.bryon@hayes.com', 868679459, '937 Tyreek Park\nEast Kariville, TN 72983-6761'),
(21, 'Sauer PLC', 'parker.otho@grimes.com', 861561285, '1023 Trycia Center\nSouth Jacynthestad, NY 01568'),
(22, 'Turner, Ankunding and Crona', 'joanny.lindgren@auer.com', 867600019, '628 Adams Turnpike\nOrnmouth, TX 14670'),
(23, 'Gerlach Ltd', 'von.august@becker.com', 869943588, '3364 Yost Shoals Suite 676\nRodrigostad, IL 34691'),
(24, 'Larkin-Cole', 'imaggio@grady.com', 862982271, '770 Domenic Junctions Suite 604\nLake Yvetteshire, NV 91124-0097'),
(25, 'Weber Inc', 'conn.garret@ferry.com', 867632111, '7480 Skiles Underpass Apt. 657\nArelyville, IA 25529'),
(26, 'Bosco-Langosh', 'flossie56@kunde.org', 864694385, '509 Rohan Creek Apt. 389\nCelestinoton, NJ 61805-7289'),
(27, 'Koch-Konopelski', 'madison.hirthe@windler.biz', 867445859, '608 Schimmel Roads Apt. 287\nKovacekside, AR 46690-8680'),
(28, 'Parisian LLC', 'sauer.hosea@rath.com', 869294989, '205 Koelpin Plaza\nSipesmouth, IA 84848'),
(29, 'Walsh and Sons', 'zcruickshank@mueller.com', 869341104, '2877 Paucek Well Suite 968\nEast Nikkoview, MO 18036'),
(30, 'Rosenbaum-Bahringer', 'daren27@marvin.com', 863938462, '2427 Dorothea Cape\nEast Meta, NV 95304-4342'),
(31, 'Harris PLC', 'luettgen.princess@bins.com', 866490429, '711 Gislason Harbor Suite 285\nWest Kristopher, LA 93965'),
(32, 'Hauck, Von and Hauck', 'madonna.schmidt@crona.info', 869007823, '470 O\'Reilly Run\nDamarishaven, IA 61317-6930'),
(33, 'Hammes, Welch and Schmidt', 'gerhold.alene@franecki.net', 861514051, '459 Crystel Junctions Suite 482\nWest Kaylah, DC 76489'),
(34, 'Emmerich Ltd', 'gilbert.spencer@adams.com', 864100597, '50056 Schumm Rest\nBlockview, FL 25214'),
(35, 'Altenwerth Inc', 'okey70@harris.com', 869972853, '60042 Hartmann Shoals Apt. 773\nVinniestad, NV 11275'),
(36, 'Dooley, Cassin and Runte', 'kurtis69@witting.com', 866324211, '915 Brook Brooks\nNew Maximillia, MD 33827-6180'),
(37, 'Spencer, Borer and Hauck', 'bwisozk@heaney.info', 868337705, '10409 Evan Knoll Apt. 715\nRubyeton, MT 73769'),
(38, 'Anderson, Littel and Little', 'waylon78@marks.info', 867011607, '16802 Grace Parkways\nNorth Neva, CO 48410-9439'),
(39, 'Prosacco Inc', 'wbeatty@rau.com', 867496607, '927 Dietrich Rapid\nWest Roslynport, CO 17666-5591'),
(40, 'Wilderman Ltd', 'kassulke.beau@howe.org', 861830889, '293 Mayert Centers\nNew Margaritafurt, NE 40495-5568'),
(41, 'Yost, Krajcik and Nienow', 'gina.durgan@friesen.com', 862153376, '9185 Mallory Tunnel\nLake Florida, CA 91532-9921'),
(42, 'Buckridge-Krajcik', 'dane39@reichert.com', 864628302, '9347 Schaefer Harbor Suite 820\nPort Samara, DC 09873-3709'),
(43, 'Lubowitz-Kunze', 'allie.hills@schoen.com', 865691461, '8374 Kessler Roads\nLabadieland, MA 10678'),
(44, 'Emmerich LLC', 'fernando52@cummings.info', 865344520, '453 Johathan Mill\nBartolettibury, OK 29421-0666'),
(45, 'Okuneva-Corkery', 'satterfield.mabel@bashirian.com', 866570176, '89663 Ledner Landing Suite 019\nSchuppeborough, TX 77998'),
(46, 'Morissette, Roob and Conn', 'gusikowski.yolanda@hirthe.net', 864996244, '42262 Pollich Manor\nEmersonburgh, MO 91676'),
(47, 'Ferry, Greenholt and Hickle', 'elizabeth.klein@shanahan.biz', 868441114, '893 Boehm Lodge\nSouth Lilyanport, NE 43318-8904'),
(48, 'Lueilwitz-Herzog', 'bbruen@abshire.com', 868961573, '642 Sawayn Drive Apt. 042\nElainachester, UT 52809'),
(49, 'Luettgen, Skiles and Schuppe', 'wchamplin@hessel.info', 863992172, '3971 Nienow Islands Suite 837\nOlinville, AR 08651'),
(50, 'Goldner-Abbott', 'brain72@boyle.com', 863163475, '1308 Maia Trail Suite 184\nTremaynemouth, WV 37525');

-- --------------------------------------------------------

--
-- Table structure for table `review`
--

CREATE TABLE `review` (
  `id` int(11) NOT NULL,
  `volunteer_id` int(11) DEFAULT NULL,
  `review_body` varchar(255) COLLATE utf8mb4_unicode_ci NOT NULL,
  `review_rating` int(11) NOT NULL
) ENGINE=InnoDB DEFAULT CHARSET=utf8mb4 COLLATE=utf8mb4_unicode_ci;

--
-- Dumping data for table `review`
--

INSERT INTO `review` (`id`, `volunteer_id`, `review_body`, `review_rating`) VALUES
(1, 1, 'Totam maiores itaque qui. Ab atque adipisci in. Iure ad neque rerum quo et cupiditate amet.', 7),
(2, 2, 'Vel necessitatibus dolorum sint mollitia velit ad. Voluptatem aut qui ut labore molestias.', 2),
(3, 3, 'Ut atque quasi laborum magni. Perferendis voluptas corrupti aut.', 1),
(4, 4, 'Est qui voluptatem ad suscipit. Facere est vel amet vel minima officia.', 10),
(5, 5, 'Nostrum officia qui asperiores sit. Deserunt pariatur beatae in omnis ut velit aut.', 4),
(6, 6, 'Aut dolorem velit qui est qui. Deserunt delectus cum et iusto.', 2),
(7, 7, 'Fugiat est consequatur iusto vel vero. Optio architecto itaque voluptatem est totam amet.', 8),
(8, 8, 'Inventore fuga non dolor velit. Sapiente ipsum qui aliquam nulla. Ut impedit eaque odit aut ea.', 2),
(9, 9, 'Ut facilis eveniet est aut. Ipsum velit quaerat reiciendis quos. Aut modi distinctio maiores.', 7),
(10, 10, 'Modi est aut fugit nemo. Atque ut fuga minus dignissimos qui asperiores quasi.', 8),
(11, 11, 'Qui facere officiis eos aut nobis. Facere delectus non id aliquam ut.', 3),
(12, 12, 'Harum architecto nostrum consequatur repellat. Nihil in sint commodi voluptate qui sed id.', 2),
(13, 13, 'Hic aut quae soluta reprehenderit. Quo aut unde magni aut quis sint quia aspernatur.', 5),
(14, 14, 'Voluptatem debitis sit quam et repellendus. Rem earum ut expedita.', 1),
(15, 15, 'Quis vel sed neque quia. Qui et enim inventore nulla nobis. Quia dolor dolorem rerum ex.', 7),
(16, 16, 'Sunt est quidem aut. Maiores nostrum sint delectus autem a.', 8),
(17, 17, 'Ex molestiae error expedita facilis. Earum tempora ipsum beatae atque. Quos culpa iusto quia velit.', 4),
(18, 18, 'Similique enim culpa cumque vel provident neque. Doloribus mollitia est sit explicabo voluptatem.', 9),
(19, 19, 'Ipsam optio numquam voluptatibus. Fugit quod optio nobis.', 5),
(20, 20, 'Autem harum sit enim velit et. Magni aut fugiat distinctio autem molestiae dolores.', 1),
(21, 21, 'Laborum sint aut accusantium non consequuntur excepturi. Dolor et aliquid eum eius fuga.', 8),
(22, 22, 'Quod doloremque omnis a sed magnam. Tempora possimus quis aliquid. Sunt rem et aperiam.', 9),
(23, 23, 'Odio quisquam vitae non qui. Rerum sit repellendus assumenda quas enim omnis.', 4),
(24, 24, 'Nesciunt quidem rerum ut ea. Quam sunt quae ex ut qui delectus perspiciatis.', 8),
(25, 25, 'Soluta ipsa aut sit culpa quo dignissimos quis. In et delectus saepe perferendis id qui.', 6),
(26, 26, 'Soluta et ullam aspernatur cupiditate aut odio quia. Eum commodi fugit quibusdam aperiam.', 10),
(27, 27, 'Tenetur alias quas nobis est provident. Illo voluptas cumque quos accusamus distinctio.', 9),
(28, 28, 'Eos molestiae voluptas sit consectetur dolores. Aspernatur est exercitationem molestias placeat.', 8),
(29, 29, 'Reiciendis expedita minus omnis facere ut velit omnis. Eum eius placeat non.', 5),
(30, 30, 'Dolores maxime minima eius nostrum. Et sed velit et earum eveniet numquam.', 10),
(31, 31, 'Quia ut nihil voluptates non quasi. Rem sequi quas dolorum ea.', 5),
(32, 32, 'Qui est vitae et. Quibusdam sed natus temporibus earum qui officiis.', 4),
(33, 33, 'Fugiat quo eum architecto deserunt sunt. Sed atque velit eos et distinctio. Et voluptas est in.', 2),
(34, 34, 'Sed sunt sint veritatis. Doloribus explicabo voluptates itaque iusto et.', 10),
(35, 35, 'Est et autem aut aut. Magnam sequi sapiente quidem facere.', 9),
(36, 36, 'Consequatur non deleniti maxime nobis fugit. Voluptatum commodi necessitatibus sint dolor.', 10),
(37, 37, 'Animi magnam maxime autem non. Aut est adipisci recusandae fuga est.', 1),
(38, 38, 'Sunt minima eveniet excepturi sed aliquam aliquid nesciunt sint. Exercitationem animi minima et.', 4),
(39, 39, 'Aut voluptas dolor sunt atque aliquam sit. Est non voluptates ut ut dignissimos quo.', 10),
(40, 40, 'Architecto excepturi saepe laborum expedita in. Quibusdam et suscipit assumenda iure.', 4),
(41, 41, 'Ut eos dolorem ipsum et labore quis. Nisi placeat iure nihil sint.', 10),
(42, 42, 'Et eum fugiat alias aut iste. Perferendis doloribus consequuntur et odio.', 1),
(43, 43, 'Ut voluptate rerum velit aut omnis. Qui molestiae qui quisquam ipsum velit.', 6),
(44, 44, 'Aut ipsam enim quam architecto. Assumenda nulla saepe consectetur.', 9),
(45, 45, 'Eos repellat sed impedit a corrupti sed molestias est. Asperiores in fuga nulla perferendis.', 2),
(46, 46, 'Fuga nobis ut aut aspernatur. Asperiores tempore sit ducimus et quasi veniam sed ea.', 8),
(47, 47, 'Est eius excepturi non occaecati laudantium. Soluta exercitationem molestias minus qui.', 2),
(48, 48, 'Autem cum quae sed vel repellat. Qui corporis ipsum ea ab dolore recusandae ea.', 7),
(49, 49, 'Corporis ut optio animi. Quis ducimus debitis quas ipsum adipisci repellendus voluptate magnam.', 8),
(50, 50, 'Aliquam quia aut laborum. Et et ut voluptas quo. Velit esse sunt eos.', 3);

-- --------------------------------------------------------

--
-- Table structure for table `volunteer`
--

CREATE TABLE `volunteer` (
  `id` int(11) NOT NULL,
  `firstname` varchar(255) COLLATE utf8mb4_unicode_ci NOT NULL,
  `lastname` varchar(255) COLLATE utf8mb4_unicode_ci NOT NULL,
  `phone` int(11) NOT NULL,
  `email` varchar(255) COLLATE utf8mb4_unicode_ci NOT NULL,
  `city` varchar(255) COLLATE utf8mb4_unicode_ci NOT NULL,
  `country` varchar(255) COLLATE utf8mb4_unicode_ci NOT NULL,
  `description` longtext COLLATE utf8mb4_unicode_ci NOT NULL
) ENGINE=InnoDB DEFAULT CHARSET=utf8mb4 COLLATE=utf8mb4_unicode_ci;

--
-- Dumping data for table `volunteer`
--

INSERT INTO `volunteer` (`id`, `firstname`, `lastname`, `phone`, `email`, `city`, `country`, `description`) VALUES
(1, 'Aisha', 'Gislason', 863100473, 'cfeil@becker.net', 'New Urban', 'Argentina', 'Willing to put in extra effort'),
(2, 'Stone', 'Willms', 861013653, 'windler.dejuan@yahoo.com', 'Clemmieborough', 'Zimbabwe', 'Easy Out going'),
(3, 'Erich', 'Sauer', 867927233, 'ludie22@rolfson.info', 'Charlottefurt', 'United Arab Emirates', 'Hard Working'),
(4, 'Thurman', 'Wiegand', 862115442, 'mortiz@kshlerin.org', 'West Michaelmouth', 'Macao', 'Experienced'),
(5, 'Madilyn', 'Larson', 862276534, 'ofelia37@bashirian.com', 'Christellefort', 'Tajikistan', 'Always on Time'),
(6, 'Virginia', 'Ziemann', 861408256, 'reinger.ethyl@yahoo.com', 'Altheafort', 'Slovenia', 'Polite'),
(7, 'Cindy', 'Tillman', 864884908, 'qosinski@denesik.com', 'West Nelda', 'Czech Republic', 'Experienced'),
(8, 'Jerrold', 'Crist', 863619832, 'kirk.lakin@hotmail.com', 'Halvorsonmouth', 'Finland', 'Easy Out going'),
(9, 'Dariana', 'Lindgren', 862509048, 'brooklyn.sauer@gusikowski.com', 'South Nona', 'Saudi Arabia', 'Experienced'),
(10, 'Amina', 'Glover', 863410181, 'ronny.hoeger@marks.com', 'Lake Brian', 'Equatorial Guinea', 'Polite'),
(11, 'Terence', 'Bins', 863439460, 'luigi.bailey@marvin.com', 'Legroston', 'Bangladesh', 'Polite'),
(12, 'Jedediah', 'Mraz', 864476803, 'mayert.sterling@gmail.com', 'North Aglaeland', 'South Africa', 'Have been volunteering for the past year'),
(13, 'Dorcas', 'Bartoletti', 865331070, 'connelly.betty@yahoo.com', 'Lake Ted', 'Dominica', 'Polite'),
(14, 'Nathanael', 'Hodkiewicz', 867161899, 'amina19@prosacco.net', 'Jakubowskimouth', 'Yemen', 'Always on Time'),
(15, 'Tess', 'Koelpin', 862023931, 'bethel02@yahoo.com', 'Vivientown', 'Austria', 'Experienced'),
(16, 'Everett', 'Rohan', 866789850, 'lesly94@hotmail.com', 'North Ethatown', 'Denmark', 'Easy Out going'),
(17, 'Harley', 'Haag', 863932185, 'ronny38@renner.com', 'South Ines', 'Maldives', 'Polite'),
(18, 'Veronica', 'Feeney', 862143467, 'ritchie.brice@hotmail.com', 'Anikaton', 'Tuvalu', 'Hard Working'),
(19, 'Ladarius', 'Barton', 867868870, 'letha52@mcdermott.biz', 'Port Demarioview', 'Panama', 'Easy Out going'),
(20, 'Josie', 'Lebsack', 867615391, 'botsford.shakira@hotmail.com', 'Richardport', 'Benin', 'Hard Working'),
(21, 'Hershel', 'Franecki', 869158919, 'shields.samir@hotmail.com', 'East Deondre', 'Norfolk Island', 'Have been volunteering for the past year'),
(22, 'Antonietta', 'Hilpert', 863032488, 'rempel.judson@harris.com', 'Port Marilyneberg', 'Jamaica', 'Experienced'),
(23, 'Shad', 'Satterfield', 866767296, 'karina23@murazik.com', 'West Kathryn', 'Taiwan', 'Easy Out going'),
(24, 'Cindy', 'Hamill', 867312148, 'gleichner.ila@hotmail.com', 'Langburgh', 'Turkey', 'Hard Working'),
(25, 'Patsy', 'Bins', 865997084, 'hbauch@gmail.com', 'South Arelyberg', 'Belize', 'Always on Time'),
(26, 'Rosella', 'Schulist', 869657882, 'rico54@kris.com', 'New Lonny', 'Brazil', 'Willing to put in extra effort'),
(27, 'Hugh', 'Crona', 866227649, 'kianna.cassin@mertz.biz', 'Mariloumouth', 'Netherlands Antilles', 'Always on Time'),
(28, 'Maryse', 'Hackett', 868602344, 'araynor@beahan.com', 'Bechtelarland', 'Kazakhstan', 'Hard Working'),
(29, 'Gay', 'Waters', 867906760, 'rblock@hill.com', 'Port Cartertown', 'Japan', 'Easy Out going'),
(30, 'Sandra', 'Hayes', 862466914, 'ywillms@jacobson.org', 'North Ellie', 'Argentina', 'Hard Working'),
(31, 'Gerald', 'Ratke', 862846290, 'garrick.friesen@yost.net', 'Gottliebberg', 'Kenya', 'Always on Time'),
(32, 'Jovany', 'Cassin', 865200588, 'kbergstrom@yahoo.com', 'Robynton', 'Switzerland', 'Hard Working'),
(33, 'Davonte', 'Howell', 862416068, 'rachel.green@yahoo.com', 'Kleinport', 'Tunisia', 'Hard Working'),
(34, 'Boyd', 'Jaskolski', 861987516, 'breana.gerhold@sauer.com', 'Kaileyport', 'Vietnam', 'Willing to put in extra effort'),
(35, 'Mallie', 'Mueller', 864208073, 'vabernathy@gmail.com', 'Port Shaina', 'Suriname', 'Hard Working'),
(36, 'Werner', 'Bahringer', 861237152, 'kassandra.effertz@block.net', 'West Berry', 'Fiji', 'Easy Out going'),
(37, 'Candelario', 'Batz', 862617332, 'kiehn.frederique@gmail.com', 'Cassinland', 'Finland', 'Hard Working'),
(38, 'Janie', 'Hermann', 866024781, 'akeem08@monahan.com', 'East Leora', 'United Arab Emirates', 'Polite'),
(39, 'Mallie', 'O\'Keefe', 869285688, 'edietrich@zulauf.biz', 'Port Alexzander', 'United Kingdom', 'Have been volunteering for the past year'),
(40, 'Quinten', 'Jacobson', 865386667, 'tbailey@kuhic.com', 'Ritchieberg', 'Turkey', 'Have been volunteering for the past year'),
(41, 'Trace', 'Deckow', 869762529, 'rdavis@yahoo.com', 'Buckridgefurt', 'Italy', 'Easy Out going'),
(42, 'Jordy', 'Haag', 862940267, 'waelchi.cornell@gmail.com', 'Raeganbury', 'Liberia', 'Polite'),
(43, 'Eusebio', 'Schroeder', 865542413, 'rashawn93@hotmail.com', 'Camrynmouth', 'Greece', 'Have been volunteering for the past year'),
(44, 'Oliver', 'Schaefer', 865978589, 'langosh.jessy@gmail.com', 'Kubmouth', 'Azerbaijan', 'Always on Time'),
(45, 'Shea', 'Volkman', 866923878, 'brau@yahoo.com', 'Prestonhaven', 'United Kingdom', 'Hard Working'),
(46, 'Lew', 'Torphy', 865963657, 'xhartmann@yahoo.com', 'South Stanfordville', 'Northern Mariana Islands', 'Hard Working'),
(47, 'Jocelyn', 'Prohaska', 864456560, 'brielle.price@daugherty.com', 'West Oliverland', 'Ireland', 'Easy Out going'),
(48, 'Allison', 'Runolfsdottir', 861776880, 'schroeder.madonna@yahoo.com', 'Leschshire', 'Panama', 'Have been volunteering for the past year'),
(49, 'Joe', 'Schmitt', 864039998, 'iframi@batz.biz', 'South Joesph', 'Cambodia', 'Willing to put in extra effort'),
(50, 'Nelda', 'Turner', 862895483, 'kkovacek@will.info', 'Heidenreichville', 'Bahrain', 'Easy Out going');

-- --------------------------------------------------------

--
-- Table structure for table `volunteer_event`
--

CREATE TABLE `volunteer_event` (
  `volunteer_id` int(11) NOT NULL,
  `event_id` int(11) NOT NULL
) ENGINE=InnoDB DEFAULT CHARSET=utf8mb4 COLLATE=utf8mb4_unicode_ci;

--
-- Dumping data for table `volunteer_event`
--

INSERT INTO `volunteer_event` (`volunteer_id`, `event_id`) VALUES
(1, 1),
(2, 1),
(7, 3),
(9, 3),
(11, 2),
(14, 2);

--
-- Indexes for dumped tables
--

--
-- Indexes for table `event`
--
ALTER TABLE `event`
  ADD PRIMARY KEY (`id`),
  ADD KEY `IDX_3BAE0AA79E6B1585` (`organisation_id`);

--
-- Indexes for table `job`
--
ALTER TABLE `job`
  ADD PRIMARY KEY (`id`),
  ADD KEY `IDX_FBD8E0F88EFAB6B1` (`volunteer_id`);

--
-- Indexes for table `migration_versions`
--
ALTER TABLE `migration_versions`
  ADD PRIMARY KEY (`version`);

--
-- Indexes for table `organisation`
--
ALTER TABLE `organisation`
  ADD PRIMARY KEY (`id`);

--
-- Indexes for table `review`
--
ALTER TABLE `review`
  ADD PRIMARY KEY (`id`),
  ADD KEY `IDX_794381C68EFAB6B1` (`volunteer_id`);

--
-- Indexes for table `volunteer`
--
ALTER TABLE `volunteer`
  ADD PRIMARY KEY (`id`);

--
-- Indexes for table `volunteer_event`
--
ALTER TABLE `volunteer_event`
  ADD PRIMARY KEY (`volunteer_id`,`event_id`),
  ADD KEY `IDX_9C0D7558EFAB6B1` (`volunteer_id`),
  ADD KEY `IDX_9C0D75571F7E88B` (`event_id`);

--
-- AUTO_INCREMENT for dumped tables
--

--
-- AUTO_INCREMENT for table `event`
--
ALTER TABLE `event`
  MODIFY `id` int(11) NOT NULL AUTO_INCREMENT, AUTO_INCREMENT=51;
--
-- AUTO_INCREMENT for table `job`
--
ALTER TABLE `job`
  MODIFY `id` int(11) NOT NULL AUTO_INCREMENT, AUTO_INCREMENT=51;
--
-- AUTO_INCREMENT for table `organisation`
--
ALTER TABLE `organisation`
  MODIFY `id` int(11) NOT NULL AUTO_INCREMENT, AUTO_INCREMENT=51;
--
-- AUTO_INCREMENT for table `review`
--
ALTER TABLE `review`
  MODIFY `id` int(11) NOT NULL AUTO_INCREMENT, AUTO_INCREMENT=51;
--
-- AUTO_INCREMENT for table `volunteer`
--
ALTER TABLE `volunteer`
  MODIFY `id` int(11) NOT NULL AUTO_INCREMENT, AUTO_INCREMENT=51;
--
-- Constraints for dumped tables
--

--
-- Constraints for table `event`
--
ALTER TABLE `event`
  ADD CONSTRAINT `FK_3BAE0AA79E6B1585` FOREIGN KEY (`organisation_id`) REFERENCES `organisation` (`id`);

--
-- Constraints for table `job`
--
ALTER TABLE `job`
  ADD CONSTRAINT `FK_FBD8E0F88EFAB6B1` FOREIGN KEY (`volunteer_id`) REFERENCES `volunteer` (`id`);

--
-- Constraints for table `review`
--
ALTER TABLE `review`
  ADD CONSTRAINT `FK_794381C68EFAB6B1` FOREIGN KEY (`volunteer_id`) REFERENCES `volunteer` (`id`);

--
-- Constraints for table `volunteer_event`
--
ALTER TABLE `volunteer_event`
  ADD CONSTRAINT `FK_9C0D75571F7E88B` FOREIGN KEY (`event_id`) REFERENCES `event` (`id`) ON DELETE CASCADE,
  ADD CONSTRAINT `FK_9C0D7558EFAB6B1` FOREIGN KEY (`volunteer_id`) REFERENCES `volunteer` (`id`) ON DELETE CASCADE;

/*!40101 SET CHARACTER_SET_CLIENT=@OLD_CHARACTER_SET_CLIENT */;
/*!40101 SET CHARACTER_SET_RESULTS=@OLD_CHARACTER_SET_RESULTS */;
/*!40101 SET COLLATION_CONNECTION=@OLD_COLLATION_CONNECTION */;
